P05,P05,P05,P06,P06,P06,P06,P06,P06,P07
TA21,TA22,TA23,TA41,TA42,TA43,TA61,TA62,TA63,TA64
T2001,T2021,T2041,T2201,T2221,T3001,T4001,T4201,T4401,T4603
T2001.001,T2021.001,T2041.001,T2201.001,T2221.001,T3001.001,T4001.001,T4201.001,T4401.001,T4603.001
T2001.002,T2021.002,T2041.002,T2201.002,T2221.002,T3001.002,T4001.002,T4201.002,T4401.002,T4603.002
T2001.003,T2021.003,T2041.003,T2201.003,T2221.003,,T4001.003,T4201.003,T4401.003,T4603.003
T2002,T2022,T2041.004,T2201.004,T2222,,T4001.004,T4202,T4401.004,T4603.004
T2002.001,T2023,T2041.005,T2201.005,T2222.001,,T4001.005,T4202.001,T4401.005,T4603.005
T2002.002,T2023.001,T2041.006,T2201.006,T2222.002,,T4001.006,T4202.002,T4401.006,T4604
T2002.003,T2023.002,T2041.007,T2202,T2223,,T4001.007,T4202.003,T4401.007,T4604.001
T2002.004,T2023.003,T2042,T2202.001,T2223.001,,T4001.008,T4202.004,T4402,T4604.002
T2002.005,T2023.004,T2042.001,T2202.002,T2223.002,,T4001.009,T4202.005,T4402.001,T4604.003
T2002.006,T2023.005,T2042.002,T2202.003,T2223.003,,T4001.010,T4202.006,T4402.002,T4604.004
T2002.007,T2023.006,T2042.003,T2203,T2223.004,,T4002,T4203,T4402.003,T4604.005
T2003,T2024,T2042.004,T2203.001,T2223.005,,T4002.001,T4203.001,T4402.004,T4604.006
T2003.001,T2024.001,T2042.005,T2203.002,T2224,,T4002.002,T4203.002,T4402.005,T4604.007
T2003.002,T2024.002,T2042.006,T2203.003,T2224.001,,T4002.003,T4203.003,T4402.006,T4604.008
T2003.003,T2024.003,T2042.007,T2203.004,T2224.002,,T4002.004,T4203.004,T4402.007,T4604.009
T2003.004,T2024.004,T2042.008,T2203.005,T2224.003,,T4002.005,T4203.005,T4402.008,
T2003.005,T2025,T2042.009,T2203.006,T2224.004,,T4002.006,,T4402.009,
T2003.006,T2025.001,T2042.010,T2204,T2225,,T4002.007,,T4402.010,
T2003.007,T2025.002,T2042.011,T2204.001,T2225.001,,T4002.008,,T4403,
T2003.008,T2025.003,T2042.012,,T2225.002,,T4002.009,,T4403.001,
T2003.009,T2025.004,T2042.013,,T2225.003,,T4002.010,,T4403.002,
T2004,T2025.005,T2042.014,,T2225.004,,T4002.011,,T4403.003,
T2004.001,T2025.006,T2043,,T2225.005,,T4003,,T4403.004,
T2004.002,T2026,T2043.001,,,,T4003.001,,T4404,
T2004.003,T2026.001,T2043.002,,,,T4003.002,,T4404.001,
T2004.004,T2026.002,T2043.003,,,,T4003.003,,T4404.002,
T2004.005,T2026.003,T2043.004,,,,T4003.004,,T4404.003,
T2004.006,T2026.004,T2043.005,,,,T4003.005,,T4404.004,
T2004.007,T2026.005,T2043.006,,,,T4003.006,,T4405,
T2004.008,T2026.006,T2043.007,,,,T4003.007,,T4405.001,
T2004.009,T2026.007,T2043.008,,,,T4003.008,,T4406,
T2004.010,T2026.008,T2043.009,,,,T4004,,T4406.001,
T2005,T2026.009,T2044,,,,T4004.001,,T4406.002,
T2005.001,,T2044.001,,,,T4004.002,,T4406.003,
T2005.002,,T2044.002,,,,T4004.003,,T4406.004,
T2005.003,,T2045,,,,T4004.004,,T4406.005,
T2005.004,,T2045.001,,,,T4004.005,,T4406.006,
T2005.005,,T2045.002,,,,T4004.006,,T4406.007,
T2005.006,,,,,,T4005,,T4406.008,
T2005.007,,,,,,T4005.001,,T4406.009,
T2005.008,,,,,,T4005.002,,T4407,
,,,,,,T4005.003,,T4407.001,
,,,,,,T4005.004,,T4407.002,
,,,,,,T4006,,T4407.003,
,,,,,,T4006.001,,T4407.004,
,,,,,,T4006.002,,T4601,
,,,,,,T4006.003,,T4601.001,
,,,,,,T4006.004,,T4601.002,
,,,,,,T4006.005,,T4602,
,,,,,,T4006.006,,T4602.001,
,,,,,,T4006.007,,T4602.002,
,,,,,,T4006.008,,T4602.003,
,,,,,,T4007,,T4602.004,
,,,,,,T4007.001,,,
,,,,,,T4007.002,,,
,,,,,,T4008,,,
,,,,,,T4008.001,,,
,,,,,,T4008.002,,,
,,,,,,T4008.003,,,
,,,,,,T4009,,,
,,,,,,T4009.001,,,
,,,,,,T4009.002,,,
,,,,,,T4009.003,,,
,,,,,,T4009.004,,,
,,,,,,T4009.005,,,
